/* Profili */
INSERT INTO profilo (username, password, email, dataIscrizione, ultimoAccesso, biografia, visibilitaAccount, indirizzo, numeroTelefono, professione) VALUES
('mario95', 'passwordmario', 'mario95@mail.com', '2022-01-01 10:00:00', '2022-01-01 10:00:00', 'Ciao a tutti, sono Mario!', 'T', 'Via Roma 1', '3331234567', 'Programmatore'),
('anna87', 'passwordanna', 'anna87@mail.com', '2022-01-02 11:00:00', '2022-01-02 11:00:00', 'Sono Anna e mi piace viaggiare!', 'T', 'Via Verdi 2', '3337654321', 'Insegnante'),
('luca80', 'passwordluca', 'luca80@mail.com', '2022-01-03 12:00:00', '2022-01-03 12:00:00', 'Ciao a tutti, sono Luca!', 'T', 'Via Galileo Galilei 3', '3339876543', 'Medico'),
('giulia91', 'passwordgiulia', 'giulia91@mail.com', '2022-01-04 13:00:00', '2022-01-04 13:00:00', 'Sono Giulia e adoro cucinare!', 'T', 'Via Dante Alighieri 4', '3332345678', 'Cuoco'),
('mario01', 'passwordmario', 'mario01@mail.com', '2022-03-17 10:30:00', '2022-03-17 12:30:00', 'Sono un appassionato di tecnologia', 'A', 'Via Roma 1', '1234567890', 'Ingegnere informatico'),
('laura92', 'passwordlaura', 'laura92@mail.com', '2022-03-17 11:30:00', '2022-03-17 13:30:00', 'Appassionata di viaggi e cucina', 'T', 'Via Dante Alighieri 3', '0987654321', 'Cuoca'),
('giovanni88', 'passwordgiovanni', 'giovanni88@mail.com', '2022-03-17 12:30:00', '2022-03-17 14:30:00', 'Innamorato dello sport e della natura', 'T', 'Via Garibaldi 5', '3471234567', 'Insegnante di educazione fisica'),
('francesca85', 'passwordfrancesca', 'francesca85@mail.com', '2022-03-17 13:30:00', '2022-03-17 15:30:00', 'Amante della musica e del cinema', 'A', 'Via Mazzini 7', '3456789012', 'Musicista'),
('marco79', 'passwordmarco', 'marco79@mail.com', '2022-03-17 14:30:00', '2022-03-17 16:30:00', 'Appassionato di sport e tecnologia', 'A', 'Via Verdi 9', '5678901234', 'Ingegnere meccanico'),
('andrea93', 'passwordandrea', 'andrea93@mail.com', '2022-03-18 15:30:00', '2022-03-18 16:30:00', 'Sono appassionato di fotografia e di tecnologia', 'T', 'Via dei Mille 10', '3456789123', 'Fotografo'),
('silvia88', 'passwordsilvia', 'silvia88@mail.com', '2022-03-19 14:30:00', '2022-03-19 15:30:00', 'Amante della lettura e della natura', 'T', 'Via Garibaldi 15', '3491234567', 'Libraia'),
('fabio85', 'passwordfabio', 'fabio85@mail.com', '2022-03-20 13:30:00', '2022-03-20 14:30:00', 'Appassionato di cinema e musica rock', 'A', 'Via del Corso 20', '3334567890', 'Musicista'),
('simone90', 'passwordsimone', 'simone90@mail.com', '2022-03-21 12:30:00', '2022-03-21 13:30:00', 'Innamorato del mare e degli animali', 'T', 'Via della Repubblica 25', '3478901234', 'Biologo marino'),
('valentina91', 'passwordvalentina', 'valentina91@mail.com', '2022-03-22 11:30:00', '2022-03-22 12:30:00', 'Sono appassionata di cucina e di viaggi', 'T', 'Via Roma 30', '3456789012', 'Cuoca'),
('francesco87', 'passwordfrancesco', 'francesco87@mail.com', '2022-03-23 10:30:00', '2022-03-23 11:30:00', 'Appassionato di arte e cultura', 'A', 'Via dei Condotti 35', '3490123456', 'Storico');
('mario123', 'mario123pass', 'mario123@gmail.com', '2022-01-01 12:00:00', '2022-02-01 12:00:00', 'Sono Mario e mi piace la pizza', 'T', 'Via Roma 1, Milano', '3331234567', 'Pizzaiolo'),
('lucia89', 'lucia89pass', 'lucia89@hotmail.com', '2022-01-02 12:00:00', '2022-02-02 12:00:00', 'Ciao, sono Lucia e adoro viaggiare', 'T', 'Via Verdi 3, Torino', '3399876543', 'Fotografa'),
('giorgio7', 'giorgio7pass', 'giorgio7@yahoo.com', '2022-01-03 12:00:00', '2022-02-03 12:00:00', 'Mi chiamo Giorgio e sono un appassionato di tecnologia', 'T', 'Corso Italia 10, Firenze', '3472345678', 'Ingegnere'),
('francesca00', 'francesca00pass', 'francesca00@gmail.com', '2022-01-04 12:00:00', '2022-02-04 12:00:00', 'Ciao, sono Francesca e amo leggere', 'T', 'Via dei Mille 5, Napoli', '3330987654', 'Libraia'),
('marco81', 'marco81pass', 'marco81@hotmail.com', '2022-01-05 12:00:00', '2022-02-05 12:00:00', 'Sono Marco e mi piace il calcio', 'T', 'Via Roma 1, Roma', '3451234567', 'Calciatore'),
('elena99', 'elena99pass', 'elena99@yahoo.com', '2022-01-06 12:00:00', '2022-02-06 12:00:00', 'Ciao, sono Elena e mi piace fare trekking', 'T', 'Piazza del Popolo 2, Bologna', '3339876543', 'Guida Escursionistica'),
('simone32', 'simone32pass', 'simone32@gmail.com', '2022-01-07 12:00:00', '2022-02-07 12:00:00', 'Sono Simone e mi piace la fotografia', 'T', 'Via Garibaldi 20, Genova', '3462345678', 'Fotografo'),
('chiara76', 'chiara76pass', 'chiara76@hotmail.com', '2022-01-08 12:00:00', '2022-02-08 12:00:00', 'Ciao, sono Chiara e adoro dipingere', 'T', 'Via dei Cerchi 15, Roma', '3330987654', 'Artista');




/* Post */
INSERT INTO post (idPost,data, descrizione, fkProfilo, tipoPost, prezzo) VALUES
(1,'2022-01-05 10:00:00', 'Oggi ho visitato un bellissimo museo!', 1, 'N', 0),
(2,'2022-01-06 11:00:00', 'Sono appena tornata da una vacanza favolosa!', 2, 'N', 0),
(3,'2022-01-07 12:00:00', 'Buongiorno a tutti, oggi è una splendida giornata di sole!', 3, 'N', 0),
(4,'2022-01-08 13:00:00', 'Oggi ho salvato una vita al pronto soccorso!', 4, 'N', 0),
(5,'2022-01-09 14:00:00', 'Prova il nostro nuovo prodotto, è fantastico!', 1, 'P', 50),
(6,'2022-01-10 15:00:00', 'Vieni a provare il nostro ristorante, ti aspettiamo!', 2, 'P', 30),
(7,'2022-01-11 16:00:00', 'Il nostro nuovo libro è finalmente disponibile!', 3, 'P', 20),
(8,'2022-01-12 17:00:00', 'Vieni a provare la nostra nuova ricetta, è deliziosa!', 4, 'P', 40),
(9,'2022-03-17 15:00:00', 'Oggi ho corso la mia prima maratona!', 1, 'N', 0),
(10,'2022-03-16 14:00:00', 'Ho fatto un bellissimo viaggio in Giappone, consiglio a tutti di andarci almeno una volta nella vita!', 2, 'N', 0),
(11,'2022-03-15 13:00:00', 'Oggi ho cucinato una lasagna perfetta!', 2, 'N', 0),
(12,'2022-03-14 12:00:00', 'Questo è il mio primo post su questa piattaforma!', 3, 'N', 0),
(13,'2022-03-13 11:00:00', 'Ieri ho visto il nuovo film di Tarantino, è spettacolare!', 4, 'N', 0),
(14,'2022-03-12 10:00:00', 'Oggi ho suonato il mio nuovo violino, suona alla perfezione!', 4, 'N', 0),
(15,'2022-03-11 09:00:00', 'Stamattina ho fatto una bella passeggiata in montagna', 5, 'N', 0),
(16,'2022-01-01 10:30:00', 'Nuovo post di Mario!', 1, 'N', NULL),
(17,'2022-01-02 11:30:00', 'Viaggio fantastico ad Amsterdam!', 2, 'N', NULL),
(18,'2022-01-03 12:30:00', 'Novità dal mondo della medicina', 3, 'N', NULL),
(19,'2022-01-04 13:30:00', 'Ricetta del mio piatto preferito', 4, 'N', NULL),
(20,'2022-01-05 14:30:00', 'Recensione del nuovo smartphone', 1, 'N', NULL),
(21,'2022-01-06 15:30:00', 'Foto di una magnifica vista', 2, 'N', NULL),
(22,'2022-01-07 16:30:00', 'Nuova scoperta scientifica', 3, 'N', NULL),
(23,'2022-01-08 17:30:00', 'Tutorial per preparare una torta', 4, 'N', NULL),
(24,'2022-03-17 10:45:00', 'Le ultime novità dal mondo della tecnologia', 5, 'N', NULL),
(25,'2022-03-17 11:45:00', 'Ricetta per una cena romantica', 6, 'N', NULL),
(26,'2022-03-17 12:45:00', 'Foto del mio ultimo trekking', 7, 'N', NULL),
(27,'2022-03-17 13:45:00', 'Recensione del nuovo film in uscita', 8, 'N', NULL),
(28,'2022-03-17 14:45:00', 'Foto della mia ultima creazione musicale', 9, 'N', NULL),
(29,'2022-03-17 15:45:00', 'Articolo sulle ultime tendenze nel mondo dello sport', 10, 'N', NULL),
(30,'2022-03-17 16:45:00', 'Nuova invenzione', 11, 'N', NULL),
(31,'2022-03-17 17:45:00', 'Ricetta per una torta a forma di cuore', 6, 'N', NULL)
('2022-01-01 12:30:00', 'Ho appena fatto la mia prima pizza artigianale!', 1, 'N', 0),
('2022-01-02 14:20:00', 'Foto scattata durante il mio ultimo viaggio in Asia', 2, 'N', 0),
('2022-01-03 15:40:00', 'Ho appena scoperto questa nuova tecnologia e sono entusiasta!', 3, 'N', 0),
('2022-01-04 09:10:00', 'Ho letto il nuovo libro di Murakami e mi è piaciuto molto', 4, 'N', 0),
('2022-01-05 18:00:00', 'La mia squadra ha vinto la partita di ieri sera!', 5, 'N', 0),
('2022-01-06 11:45:00', 'Foto scattata durante la mia ultima escursione in montagna', 6, 'N', 0),
('2022-01-07 16:30:00', 'Questa è la mia ultima foto in bianco e nero', 7, 'N', 0),
('2022-01-08 13:20:00', 'Ho appena finito di dipingere questo quadro', 8, 'N', 0),
('2022-01-09 10:00:00', 'Questa è la mia ultima avventura in canoa', 1, 'N', 0),
('2022-01-10 14:00:00', 'Nuovo modello di smartphone appena uscito sul mercato', 3, 'P', 799.99),
('2022-01-11 12:15:00', 'Ho appena pubblicato il mio nuovo libro di fotografia', 2, 'P', 49.99),
('2022-01-12 09:30:00', 'Nuova collezione di quadri in mostra nella mia galleria', 8, 'P', 999.99),
('2022-01-13 16:40:00', 'Nuovo prodotto cosmetico in vendita nel mio negozio', 4, 'P', 19.99),
('2022-01-14 11:20:00', 'Ho appena pubblicato il mio nuovo romanzo', 4, 'P', 29.99),
('2022-01-15 15:00:00', 'Questa è la mia ultima creazione artistica', 8, 'N', 0),
('2022-01-16 12:00:00', 'Foto scattata durante il mio ultimo viaggio in Sud America', 6, 'N', 0),
('2022-01-17 14:30:00', 'La mia nuova racchetta da tennis', 5, 'P', 129.99),
('2022-01-18 09:45:00', 'Foto scattata durante il mio ultimo safari in Africa', 2, 'N', 0),
('2022-01-19 17:10:00', 'Questa è la mia ultima creazione culinaria', 1, 'N', 0);

/* Commenti */
INSERT INTO commento (data, testo, fkProfilo, fkPost, stato) VALUES
('2022-01-13 10:00:00', 'Bellissima esperienza!', 2, 1, 'PUBBLICATO'),
('2022-01-14 11:00:00', 'Wow, che bel posto!', 3, 1, 'PUBBLICATO'),
('2022-01-15 14:30:00', 'Sembra proprio un bel viaggio!', 4, 1, 'PUBBLICATO'),
('2022-01-17 09:45:00', 'Mai visto niente di simile!', 5, 1, 'PUBBLICATO'),
('2022-01-18 16:20:00', 'Stupendo!', 6, 1, 'PUBBLICATO'),
('2022-01-19 08:00:00', 'Che paesaggio mozzafiato!', 7, 1, 'PUBBLICATO'),
('2022-01-20 12:15:00', 'Spero di poter andare anche io un giorno!', 8, 1, 'PUBBLICATO'),
('2022-01-22 09:30:00', 'Fantastico!', 2, 2, 'PUBBLICATO'),
('2022-01-23 13:40:00', 'Ottima scelta, consigliatissimo!', 3, 2, 'PUBBLICATO'),
('2022-01-25 08:50:00', 'Grazie per la segnalazione, lo proverò sicuramente!', 4, 2, 'PUBBLICATO'),
('2022-01-26 11:10:00', 'Wow, non vedo lora di provarlo!', 5, 2, 'PUBBLICATO'),
('2022-01-27 16:00:00', 'Bellissimo, lo raccomando a tutti!', 6, 2, 'PUBBLICATO'),
('2022-01-28 09:20:00', 'Davvero unesperienza unica!', 7, 2, 'PUBBLICATO'),
('2022-01-29 12:30:00', 'Non vedo lora di tornare!', 8, 2, 'PUBBLICATO'),
('2022-02-01 10:15:00', 'Meraviglioso!', 2, 3, 'PUBBLICATO'),
('2022-02-02 15:00:00', 'Che posto incantevole!', 3, 3, 'PUBBLICATO'),
('2022-02-03 08:30:00', 'Fantastico, da provare assolutamente!', 4, 3, 'PUBBLICATO'),
('2022-02-05 14:50:00', 'Grazie per averci fatto scoprire questo posto!', 6, 3, 'PUBBLICATO')
('2022-01-01 12:00:00', 'Bellissimo post, mi piace molto la tua passione per la pizza!', 1, 1, 'PUBBLICATO'),
('2022-01-02 12:00:00', 'Wow, le tue foto di viaggio sono fantastiche!', 2, 2, 'PUBBLICATO'),
('2022-01-03 12:00:00', 'Interessante quello che dici sulla tecnologia, mi piacerebbe approfondire l\'argomento', 3, 3, 'PUBBLICATO'),
('2022-01-04 12:00:00', 'Adoro la lettura anch\'io, hai qualche libro da consigliare?', 4, 4, 'PUBBLICATO'),
('2022-01-05 12:00:00', 'Forza Roma! Speriamo di vederti presto in campo!', 5, 5, 'PUBBLICATO'),
('2022-01-06 12:00:00', 'Mi piace molto il trekking anche a me! Dove hai fatto l\'ultima escursione?', 6, 6, 'PUBBLICATO'),
('2022-01-07 12:00:00', 'Hai uno stile fotografico molto bello, mi piacerebbe vedere altri tuoi scatti', 7, 7, 'PUBBLICATO'),
('2022-01-08 12:00:00', 'Adoro l\'arte, complimenti per i tuoi quadri!', 8, 8, 'PUBBLICATO'),
('2022-01-09 12:00:00', 'Mi piacerebbe sapere di più sulla tecnica che hai usato per realizzare questo scatto', 1, 7, 'PUBBLICATO'),
('2022-01-10 12:00:00', 'Anche io ho fatto un viaggio in quel posto, è stupendo!', 2, 6, 'PUBBLICATO'),
('2022-01-11 12:00:00', 'Complimenti per la passione per la pizza, hai mai pensato di aprire una pizzeria?', 3, 1, 'PUBBLICATO'),
('2022-01-12 12:00:00', 'Mi piace il tuo stile fotografico, hai qualche consiglio per migliorare?', 4, 7, 'PUBBLICATO'),
('2022-01-13 12:00:00', 'Anche io ho fatto un\'escursione in quella zona, è stata un\'esperienza indimenticabile', 5, 6, 'PUBBLICATO'),
('2022-01-14 12:00:00', 'Hai un grande talento nell\'arte, complimenti!', 6, 8, 'PUBBLICATO'),
('2022-01-15 12:00:00', 'Mi piace molto il tuo modo di scrivere, continuerò a seguire i tuoi post!', 7, 4, 'PUBBLICATO');



/* Mi piace */
INSERT INTO miPiace (data, fkProfilo, fkPost) VALUES ('2022-02-01 10:30:00', 1, 1);
INSERT INTO miPiace (data, fkProfilo, fkPost) VALUES ('2022-02-02 14:00:00', 2, 1);
INSERT INTO miPiace (data, fkProfilo, fkPost) VALUES ('2022-02-03 09:15:00', 3, 1);
INSERT INTO miPiace (data, fkProfilo, fkPost) VALUES ('2022-10-01 14:30:00', 1, 3);
INSERT INTO miPiace (data, fkProfilo, fkPost) VALUES ('2022-09-15 10:45:00', 2, 5);
INSERT INTO miPiace (data, fkProfilo, fkPost) VALUES ('2022-11-23 19:15:00', 3, 7);
INSERT INTO miPiace (data, fkProfilo, fkPost) VALUES ('2022-12-17 08:45:00', 1, 2);
INSERT INTO miPiace (data, fkProfilo, fkPost) VALUES ('2022-11-05 17:30:00', 3, 4);
INSERT INTO miPiace (data, fkProfilo, fkPost) VALUES ('2023-01-10 22:00:00', 2, 6);
INSERT INTO miPiace (data, fkProfilo, fkPost) VALUES ('2023-03-12 13:15:00', 1, 8);
INSERT INTO miPiace (data, fkProfilo, fkPost) VALUES ('2023-02-02 09:00:00', 4, 10),
('2022-01-02 15:30:00', 2, 1),
('2022-01-05 11:00:00', 1, 3),
('2022-01-08 16:45:00', 3, 2),
('2022-01-10 13:20:00', 4, 5),
('2022-01-12 09:15:00', 5, 4),
('2022-01-15 14:30:00', 6, 1),
('2022-01-18 17:00:00', 7, 2),
('2022-01-20 10:30:00', 8, 3),
('2022-01-23 12:00:00', 1, 4),
('2022-01-25 16:45:00', 3, 5),
('2022-01-28 11:00:00', 2, 1),
('2022-02-01 09:15:00', 5, 2),
('2022-02-04 14:30:00', 6, 3),
('2022-02-06 17:00:00', 7, 4),
('2022-02-09 10:30:00', 8, 5),
('2022-02-12 12:00:00', 1, 1),
('2022-02-15 16:45:00', 3, 2),
('2022-02-18 11:00:00', 2, 3),
('2022-02-20 09:15:00', 5, 4),
('2022-02-23 14:30:00', 6, 5);



/* Amicizia */
INSERT INTO amicizia (fkProfilo1, fkProfilo2, stato, data) VALUES (1, 2, 'AMICI', '2022-01-15 18:00:00');
INSERT INTO amicizia (fkProfilo1, fkProfilo2, stato, data) VALUES (2, 3, 'IN ATTESA', '2022-02-10 09:00:00');
INSERT INTO amicizia (fkProfilo1, fkProfilo2, stato, data) VALUES (3, 1, 'AMICI', '2022-03-01 15:30:00');
INSERT INTO amicizia (fkProfilo1, fkProfilo2, stato, data) VALUES (1, 2, 'AMICI', '2022-08-10 11:20:00');
INSERT INTO amicizia (fkProfilo1, fkProfilo2, stato, data) VALUES (2, 3, 'IN ATTESA', '2022-07-22 16:55:00');
INSERT INTO amicizia (fkProfilo1, fkProfilo2, stato, data) VALUES (1, 3, 'AMICI', '2022-09-05 20:10:00');
INSERT INTO amicizia (fkProfilo1, fkProfilo2, stato, data) VALUES (2, 4, 'AMICI', '2022-12-03 19:30:00');
INSERT INTO amicizia (fkProfilo1, fkProfilo2, stato, data) VALUES (3, 5, 'IN ATTESA', '2023-01-15 12:45:00');
INSERT INTO amicizia (fkProfilo1, fkProfilo2, stato, data) VALUES (1, 5, 'IN ATTESA', '2022-10-25 08:00:00');
INSERT INTO amicizia (fkProfilo1, fkProfilo2, stato, data) VALUES (4, 5, 'AMICI', '2022-11-30 16:20:00');
INSERT INTO amicizia (fkProfilo1, fkProfilo2, stato, data) VALUES (2, 3, 'AMICI', '2022-09-22 21:15:00');
INSERT INTO amicizia (fkProfilo1, fkProfilo2, stato, data) VALUES (1, 2, 'AMICI', '2022-01-15 18:00:00');
INSERT INTO amicizia (fkProfilo1, fkProfilo2, stato, data) VALUES (3, 5, 'IN ATTESA', '2022-03-10 12:30:00');
INSERT INTO amicizia (fkProfilo1, fkProfilo2, stato, data) VALUES (2, 4, 'AMICI', '2022-05-20 09:15:00');
INSERT INTO amicizia (fkProfilo1, fkProfilo2, stato, data) VALUES (6, 7, 'AMICI', '2022-02-08 14:45:00');
INSERT INTO amicizia (fkProfilo1, fkProfilo2, stato, data) VALUES (8, 10, 'IN ATTESA', '2022-06-03 17:20:00');
INSERT INTO amicizia (fkProfilo1, fkProfilo2, stato, data) VALUES (9, 11, 'AMICI', '2022-04-25 11:10:00');
INSERT INTO amicizia (fkProfilo1, fkProfilo2, stato, data) VALUES (5, 12, 'IN ATTESA', '2022-07-18 19:05:00');
INSERT INTO amicizia (fkProfilo1, fkProfilo2, stato, data) VALUES (13, 14, 'AMICI', '2022-09-30 10:50:00');
INSERT INTO amicizia (fkProfilo1, fkProfilo2, stato, data) VALUES (15, 16, 'IN ATTESA', '2022-08-12 15:30:00');
INSERT INTO amicizia (fkProfilo1, fkProfilo2, stato, data) VALUES (17, 18, 'AMICI', '2022-11-05 21:00:00');
INSERT INTO amicizia (fkProfilo1, fkProfilo2, stato, data) VALUES (21, 22, 'AMICI', '2022-10-22 16:25:00');
INSERT INTO amicizia (fkProfilo1, fkProfilo2, stato, data) VALUES (23, 24, 'IN ATTESA', '2022-09-15 11:55:00');
INSERT INTO amicizia (fkProfilo1, fkProfilo2, stato, data) VALUES (25, 26, 'AMICI', '2022-11-30 12:40:00');
INSERT INTO amicizia (fkProfilo1, fkProfilo2, stato, data) VALUES (27, 28, 'IN ATTESA', '2022-06-27 09:30:00');
